lambda,theta,phi
9.49213026991187,0.918140747000308,4.68014277012803
12.8290406739619,0.638361701796813,5.60628008717214
3.1101186499594,1.51602656645895,1.52432203214443
13.2839575393809,0.493223373707313,0.814281814437341
6.65253547401262,0.94031600395591,1.41414321010413
2.9072006635395,0.891176071772725,2.19920231317396
4.03129763831542,0.671665361786623,1.80380582323739
5.85109323575933,0.386638430118146,5.82757901929506
17.740230344855,0.159211947860439,0.322413842887476
19.0413732786063,0.706179402086743,3.72383504836657
3.30798234215222,0.443461933352824,1.02352397640377
20.2128121612717,1.01964934636011,5.26785881346418
17.6818229570727,0.654262628057868,1.0528163747608
5.36747511149949,1.16141144631408,3.15541952799735
9.15907554566055,1.02917125052875,6.27897229964583
3.21014270640298,0.85666509993856,2.2330889909129
4.92171318752164,0.434041955602413,0.295797972932902
13.4410349552495,1.36286484949241,1.3424690491544
8.9857866369591,0.541117548304797,2.49969693918331
18.0814411466947,1.29259623542673,2.09649900843882
6.89919199837806,0.492742333163919,1.44263525535381
2.35067935346875,0.657574172044462,5.88181654503534
10.4361964141423,0.300297682006774,4.29260173405681
14.8404385308011,0.927416626725656,6.04513926512068
7.17974324273366,0.43895134211271,2.75186663464115
8.33027040463466,0.213879366041735,5.90830945085985
8.08682707388663,1.01673762023269,0.0366581424304375
4.72752528043668,0.630363473279754,3.83467216420345
6.89641348692391,0.948914109234027,5.03330742610729
3.39242682475776,0.668196434711299,1.4638661475888
7.53643209180423,0.914163276127366,5.8588734839519
2.29796798148323,0.147674921037487,4.79572145549408
4.02193587377395,1.26710094884491,5.19273560498522
2.46650737582214,1.10784740449225,3.60317799412457
2.90401078248125,1.04241576751615,4.97993746674015
9.70968841454362,1.12374945391976,2.06742680715396
7.38651742532234,0.667618263284125,1.40405300510727
4.26070859556265,0.903780331579514,1.96278127433895
16.6804168028888,0.861182860501026,3.67266933199212
2.33348051440193,0.815467990867088,5.214504337087
5.03557416907705,0.552093602324433,1.82502965917657
4.65958130870595,0.522014182240871,2.52932384155162
8.46766111300742,0.736961209521877,5.41646575146207
9.04750505051948,0.497457401095396,3.86252250966187
3.48901507204966,1.11273421154154,6.22781654828958
5.40078280853597,1.45264132924856,1.27987777965531
5.08234307302058,0.174059414924229,5.19750796850229
6.79951906446513,0.821092665189125,4.24656379389068
7.58273797764856,0.299548136726549,1.56419565238427
8.27632493233268,1.10976817663291,2.98944925822892
4.01659952157241,1.46641914081062,2.50746360102914
7.19180522803397,0.26171729670652,3.76638159925262
6.89239719276153,1.32206554433209,5.02983288016152
3.33908009950622,0.135235923367073,0.660166560020096
3.05600272003236,0.973653190280751,5.16127352483231
5.46604852990404,1.08711493207952,5.284701271011
18.1246652946825,0.819562309081771,2.22742842612025
4.40285549418182,1.2253824868519,2.70220612857443
6.1897969138916,1.2473909189372,3.59548504932251
3.70900500698208,0.912706909874223,4.40341165128992
8.2197289434408,0.380416407610852,4.66507506812768
3.89333089873986,0.485546973052111,4.7619265597248
5.52367439197156,0.440929106352522,2.44496812985913
7.44128038488751,0.205951920920822,2.69738706608666
11.7148166950123,0.333147783973786,6.00889070060783
18.0469004090638,0.902920777406953,3.6000852762685
5.85381026143455,1.32261650226495,5.33896112625323
3.18894833589839,0.637715938022598,1.73632883107289
3.25622748263691,0.695544398970246,3.91017459503676
3.90752337661426,1.44536539611717,3.69678549207122
10.1817142082044,1.33534417616781,6.05365090828935
3.88854974658918,0.96594060091337,0.539742550865361
9.4815946721598,1.46242826523463,3.14472728198561
3.82527221857332,1.06686103655668,3.27724459174913
14.4526180266689,0.619045352911895,0.566529700035154
4.46151470055422,0.950779111739806,5.68418713308687
3.54691769096461,0.51683480871651,5.55677958427731
3.86973934806868,0.574727137388731,2.75825342447655
6.48640778113782,0.969723314312916,4.91170803577117
5.27936595210191,0.813259409755311,0.932833250788104
4.47175612991999,0.696524433728205,3.8944183273214
9.90291740007077,0.888771238418279,1.63754687307411
6.18976240227942,1.0477982685396,2.80014055977046
5.87478115987525,0.86932488564999,5.30300532976607
13.5432421287499,0.837283749484292,1.23279186256857
4.07492470883515,0.869362864149679,1.90915605179922
8.32073193075785,0.797219184544218,3.03662932702777
8.25995334360161,0.291500245662084,2.12253567063872
4.65249552270639,1.01271891936637,5.0170344320409
6.03309837488712,1.50875743588595,6.20456742345214
2.73791014491072,0.637798066532387,0.99932525897459
2.54224869382415,1.40044129428811,1.48835957353383
5.72025748283792,0.629324723579464,4.41228289254216
8.72301191267714,1.22724553566084,2.35915803432352
14.8418791448079,0.740030804024611,6.11796833801619
3.12989371044998,0.698386945084053,6.1091759815908
6.04186380503165,0.485462746457837,4.04447412638473
5.25164166641387,0.36235565957749,5.40416062577173
1.95859757436265,0.589326018362797,2.52510786156381
4.38291289864021,1.02001833189944,3.97053830500623
3.33640853672541,1.08606587744828,6.19042437686625
9.0286267735789,0.984398048009225,3.5153002169982
4.2257368221963,0.099168789514637,5.86593100852141
5.70183747590111,1.1636800460122,4.52604984807054
3.35797392994762,1.28836674266869,3.04130369694431
6.34740918610169,1.07175127468755,4.01515077236562
3.93965329084326,0.208040066343005,5.5771869138685
6.88162495581316,0.662345896589459,1.24869982821816
7.31414487273206,0.995901401664491,2.48415956346972
8.16882886613094,1.02384749601874,6.23402128278496
5.11758615639417,0.493349937077675,2.5280497678519
2.80010443401196,0.54533538707887,4.13971736141749
3.73968675786762,0.962083584213341,5.66333728330434
13.2816484615002,0.762882752531585,6.2541681532515
3.27541382959576,0.910413059578731,4.10394593096337
9.77070746820685,0.507800007977295,0.68132617026481
5.78163166990061,0.43439396665203,0.226911147676412
44.0335826767438,1.14533305682623,3.88358179167637
2.75603066942376,1.06696779673474,3.56347312172723
5.06194859267008,1.31194313275395,6.04420220394846
2.97238210513164,0.334677378270687,4.68791892305908
18.4948371104616,0.441041062998324,4.16271141545725
1.71787949712718,0.32023964567673,3.28807455329773
8.64172745600196,0.775161250155147,1.63296393084276
9.55405643148321,0.4551497034838,6.04438510188604
11.1181479389923,1.24225958914328,3.39420207138404
2.80490121398056,0.320230219635575,0.190193046045016
4.7756441797153,0.211734587157114,4.37507280568143
3.92141596556344,0.842819455835474,3.26547292735229
9.15435682191002,1.07358683743843,0.370899920025733
4.98642750446961,0.592595607290355,5.59226258347697
13.1203043866309,0.436823314867193,2.07472187856184
3.45874722099572,0.621430725688673,1.44325519150537
3.94454439746543,0.476212575203958,0.715960433157239
3.23286661929026,0.795551380930396,1.9535850248401
3.17163556667794,1.25980824400189,1.43528261012818
11.139891107718,0.91579521146631,4.09661902138059
6.13733712757943,0.324298391496837,0.415696322797377
5.87597604720581,0.675366975750102,1.73058639907831
3.22923228955908,0.235883364813712,1.7707287759083
10.5618131183353,0.786681078008337,5.52961939245525
6.54761093106325,0.71690532395189,2.79180998131287
4.46743447019318,1.52138340299828,4.74954849797848
5.57901957000354,1.12181536866767,3.79062292439769
4.7885430757352,0.771047863261077,4.92140502951129
2.7387876010214,1.23990297344154,0.715847314981872
3.8040416639358,0.379948612752827,6.14849822537375
3.08527355439386,0.674495966017167,5.33189016309455
3.47135829128,1.29789648792377,0.318221330023663
3.80425564000783,1.27945334752071,2.9292325122535
4.89158227754029,1.00606626867989,2.0461398723884
2.50042166308338,0.904869137275436,3.9596955819077
11.9913640227852,0.625999760039187,1.44701232210363
15.9596795383857,1.31509065555049,3.64352474397522
5.40912878138395,0.361025373037831,3.78974293052046
5.39689890732481,1.0250552392417,3.76915152102118
4.38656007958122,0.934056081133403,2.8175554693579
11.9290385555047,1.15001874100271,0.22257216769155
4.58117297873019,0.68296537805795,3.2283938221234
3.00320229827127,1.04699228057109,2.56184416174379
8.74372728623727,1.1527996761934,0.678873269761867
4.71167900242806,0.603898767260715,2.88948379490032
3.81448471595489,0.837755411779619,2.83297989315665
4.80204581161108,1.42582148933476,3.46291686012035
2.89872384987032,0.834786971822076,5.06050457096366
3.14389549960262,0.612390086012756,4.40357087986512
15.6046689726257,0.906036807309008,5.48041730264057
17.5044104016501,0.644164075586742,0.327932965291348
6.09771766678446,1.05474731922696,1.38029838808401
2.59900968047766,0.698867624878356,2.88801592449423
3.77382531241252,0.777742968712716,6.0226442076358
4.4809177837696,0.985435145216381,4.96400137897866
9.65113586027699,1.40491203971522,2.83921190422336
2.03687542256998,0.60955038210519,2.09499108217045
2.43585936546836,1.15629158780814,0.371306800354666
3.37876091491044,1.03466856019492,4.65524531315243
6.82914773507198,1.3550576743641,3.1842839073046
7.90795599333591,0.179633568620388,1.256168418369
6.81466876143527,0.640236504403671,2.68413624360149
5.12030373067303,0.951066701239596,1.05991228066897
5.85212935786993,0.559269581084659,4.72303640874454
4.13721896208468,0.500634606315884,2.31441659600931
8.11231968425693,1.00336509075768,5.91761573309151
3.50141673944239,0.911297251702382,0.107898256737159
7.28270241858023,0.876510218611704,5.20911190486938
3.46899617057727,0.948725253116877,3.93698720745032
4.57631891791069,0.219836785776708,3.38504418833004
6.58389655037616,0.631777457460172,4.08726001682813
8.74325690705577,0.736661606002145,4.56554800115106
2.77906142752369,0.513031515655074,0.593689156522278
14.4625893210049,1.00769441110871,5.51395965000567
8.65704601710758,1.18182903395851,0.0902400118210161
5.37822149417554,0.559276402876757,1.84915794086463
5.01622686666445,1.02557996513619,1.13043852116084
5.09086011062671,0.38026250881066,5.82007853606603
4.19682027793809,1.15482812551928,0.42839031890871
5.54303938208443,0.381477874552729,3.65111642962274
5.56021336803263,0.874071643916683,4.003339199822
9.56184631670297,0.64990266517468,4.09204547538874
9.03990547839037,1.11565279683364,5.43258032541486
6.7784284734165,0.789178985203759,0.351560110669727
4.64079978767207,0.774991750839721,5.13245242594948
9.41667166684617,1.2125375570184,3.32331786907197
5.73675463200907,0.636341970709547,4.36273324053483
4.46605766935963,0.734755174575807,1.33457932349102
15.2542291072737,1.3786456289025,3.41352857596238
11.3645822123815,0.207142454270142,4.41406505199045
5.87856661766542,1.40560251892104,6.00945555745779
6.55188723589662,0.450015098569777,2.79314078618843
6.20655331547713,0.955797850928231,0.536570395827019
3.61330321509125,0.872274247540803,0.360278772542739
4.16649182247673,0.964303727478818,3.9549540458573
5.26254237288592,0.644565413790909,5.00254061250707
3.74857705345596,0.906867918962314,4.34288322706416
10.2892895337269,1.12123806101839,2.16963328632392
3.53601351626683,0.139220615527991,5.94902457170248
3.72157003802487,0.29381855019003,3.26845216432343
3.38944909262074,1.41138216136379,5.99298398572013
3.73194748980684,0.939159816623475,0.462415017582622
5.01515480647911,0.501648901299115,1.30082009424951
4.2250667061907,0.68827977831338,4.86964337346701
13.9768438021409,0.356839262638446,5.7440114864414
4.97833909963266,0.54464071145516,4.91691073181722
3.47676899672681,0.53261233551713,1.85689611911228
12.7743967776314,0.61370931533738,0.954074811404441
23.5792897553544,0.400818145210267,5.32757893560493
5.03641632936,0.630961916598585,4.93138683502892
3.00263647931043,0.356285817710648,1.70168451503853
3.91079599740707,1.22349345292344,1.43137687331896
4.83427845707137,0.312089492410955,2.01704836087682
6.28059053487148,1.30311262345731,5.21229054079823
3.93518620040629,0.683718758113373,5.16592308494152
6.35552968051282,0.219476558728515,3.5857061012071
7.60856397981977,0.62503654847138,3.59291156856294
3.69670580293299,1.0311387831916,1.79710580735299
3.04530008030757,1.10053403654458,4.39278570755752
4.13932916257827,0.830364651512481,5.00303620995184
4.27079994148699,0.976220289377181,2.77458586942066
4.93784041710493,1.23857890297629,2.80365537521243
5.53810349706287,0.236268530244767,2.92584320234552
2.8133317493368,0.583627734353416,1.75325492161119
3.9367770246918,0.216612177737708,4.24350827750688
9.17541731262635,0.457969258999178,5.67789167466679
2.26246448979458,1.01338215258314,5.70843657883623
14.4192452712343,1.01515180166309,4.69477686093158
7.88694394647721,1.21368155546789,1.63684207365855
5.39201391736027,0.868209202725704,4.33312234402871
6.12672930956951,0.269101372371596,0.828316500351446
3.78855430898258,1.28913841828713,0.775978615056221
5.17666766719069,1.10761399566273,1.19947800260445
18.7025345732812,0.564200018552057,0.915661786339532
5.85047663342865,0.82911708287458,3.67593744751562
5.64166376510688,1.44709648520346,0.460945093223451
3.75508495174675,1.00839586821784,5.16682803694321
5.3942054921795,1.15787597888843,4.54213334015686
6.56802696577251,0.718458940021671,5.81733762100559
7.18473480898548,0.756005953936666,3.09533960360461
4.74846653718375,0.84626177102429,4.11475060546214
4.56964494041827,0.545376890550499,5.59281075830446
29.0659843355338,1.0460649149477,3.3836559770442
2.37822781076019,0.789285976034236,1.77314734356242
11.5805505777171,0.934403597212614,6.13212193677485
13.2786172178777,0.588060316026744,0.228868263956139
9.0678881154193,0.381655713415812,2.04985510799963
2.91634877951268,0.760961369957373,6.11362490532893
3.93318322982258,0.646060959589298,2.29356762796226
4.37212103965834,1.09245040506074,1.942444343167
7.19212032260979,1.08294820876815,0.759714918253051
3.17491795268827,0.957275478586082,5.75392561644806
7.74948280229128,0.374042929255483,0.851234671381067
2.97312105674485,0.147351886053167,2.08675825818729
6.87822330062308,0.84538265412144,5.63903247341607
5.43424831669765,0.580533014565884,3.13938585972023
8.72080626769352,1.32208933430291,3.865970043166
7.66188193666379,1.43216308970905,3.66393249722662
12.7047903878781,0.564945037859711,4.38725881246582
11.7152673931193,1.10817486694013,0.184300545019363
4.364825110887,1.24261957512707,3.31678474751394
7.43701482271159,0.883553985617496,0.20151963738548
3.55415102507048,1.22328053165033,5.19708848979153
2.28041171149008,1.33130372994918,2.13619633721249
8.10221395037311,0.834635791540473,5.32004185626609
5.47863456823444,1.02258066061816,1.54610068858508
5.32654232045916,0.862461202539666,3.65361729313291
12.7648754164335,0.161503765442033,5.89159758948464
6.42349827832145,0.731826703964346,0.300256413383743
6.50292133382674,0.93387256435527,0.33915163501439
10.7814521705317,0.806607475957545,0.129546929045654
9.27502336181827,0.656280557689189,4.28185578755622
6.11095233009391,1.31736246785914,3.7612939630005
3.46543778409179,1.14518603174479,0.71647183744595
3.80413495029396,1.17181792950124,5.00295708859069
11.6120128074376,0.65650972199779,3.8820697311458
2.25504292533056,0.879130785717943,0.441164582280158
5.40182249300148,1.20574439083451,0.435292622535763
3.37214847382268,1.30997641453306,0.854559625845611
23.1751914622609,0.957224560660322,4.95675034863043
7.62919592129083,0.472065435474427,0.580556633233057
5.4820436133219,0.941786188886177,1.49457369897686
5.26371604777127,0.27175682410854,1.53088498467876
2.5974451876646,0.691575451483222,0.658617386444422
7.22077932449081,0.955597579439235,5.39318945144637
2.4300886065237,1.31042639542655,4.38691851233567
2.70349308821735,1.12098152332561,4.61023779097845
5.6458450162836,0.769943974713981,4.08740446144547
2.90087451819568,1.05502657476091,3.2438236334013
9.57435011066198,0.70206028720076,2.05075713482821
9.55991098497867,1.40202601821457,4.15806247623987
7.76778546420298,1.46091542340304,0.738685725606867
3.25978252132616,1.19331348402335,0.928764204931148
6.94125295818367,0.673346373140791,0.124185044742248
5.62099479397668,0.740077960853364,6.05882363165297
21.0413269897774,0.519764957414702,6.09703276041526
6.82783695000443,1.08794929564617,0.77823851864471
9.16019088152257,1.22144336314792,2.9368238126577
5.14074380567663,1.27265008823066,4.12613011287561
4.99298221685958,0.843815901839814,1.82328968862321
9.75769273590807,0.88492215725921,4.74089352839408
2.79735999109223,0.396124073794854,3.50675913997039
3.15200845090538,1.2485685502067,2.68790015087028
3.40612550154912,0.735710000572034,1.67882977483095
4.71931475177516,0.470700955607993,4.73586342648407
9.91826611910376,1.24846454022355,5.64466492559337
9.22772157156239,1.0618562304073,4.57694885126619
2.60574412842973,1.22089756834618,2.55618912457897
4.77230143047749,0.563096633491974,5.8956123009759
5.68835605318607,0.962291252071837,1.60489803191548
4.88844730228058,0.9527873254706,3.34996343972161
6.91102449852603,0.358051213473882,5.99890177350696
6.60787494720334,0.692177459518209,1.68230738699394
4.11144539015951,0.552336765670575,1.57132801364009
4.98801874040625,1.00949564224213,5.82873960567919
2.03874638131051,0.561360736547784,0.430915604775508
25.8016164089154,1.24276299878101,1.88118810980311
3.36742820651148,1.14127176296084,3.71702896978066
2.96942589533742,0.674518106677996,1.2773662030651
4.60131664791451,0.783301100213507,3.99537197232845
3.5559887295887,0.985502418981135,5.01630827368826
5.40020026764587,1.15165321859719,3.15228068081139
4.39740204824029,0.895925820264574,4.08917325032981
16.8674388045981,0.860416463558186,5.0011326704226
13.763224325277,0.60772468978603,1.46633063062841
2.52985234046122,0.741767413766127,3.77518238995487
8.00065507522765,1.00631134917802,0.706621963468336
3.9758125752553,1.22388731888196,3.24065117410845
4.92891591876846,1.01415081115498,5.26430831863305
5.85914140861729,0.136855447173019,5.78549487757377
15.6937126907874,0.963945110442458,3.1304584059804
4.89478050243729,0.723750917546247,1.74428212452124
25.2329348909637,0.723056944982496,4.09990383001508
4.16773166161245,0.34915769193891,5.76355836633376
7.46740276127984,1.12576502575778,3.20341576334426
7.02519995741843,0.606458280371635,6.12102561740796
5.78800939574853,0.519232313890686,1.23954015040177
7.42876045222609,0.62539447772278,0.698595856521628
7.02755696933255,0.659772743308173,1.86833212712049
3.4356380141865,0.832019482885483,2.49077111813509
3.11707918255214,0.847477692308266,2.64368592752755
72.2541562000316,0.680451513402076,1.95705739073783
3.39201857880075,0.68281079185262,4.35954521708826
2.30840436264286,0.800767802965146,0.577247752955138
5.97517204837213,0.945658671109401,2.5263973033177
11.5032599513481,1.34739171790819,1.85467569084252
7.06056168969168,1.01581615057233,1.92577605867641
3.51022037909316,0.684800591420126,0.663260145645142
4.57906983864409,1.14830394490313,3.73112887999586
5.1900177784445,0.375268065149335,1.77642937600444
24.437481215099,0.248448013197361,0.975286208043668
3.30046629480256,0.294491655779443,0.00413853049937642
10.6420316582852,0.416807750500945,1.78188255777035
6.78314804604356,0.605779600435515,3.46084679670655
4.62591523550396,0.581522266518894,5.47203985364645
3.51314109318804,0.108290158707009,0.265486101227128
4.96523607277191,0.825345742825606,5.68453586103163
5.34202359170755,0.313957077127546,0.822934455070884
3.06693499490051,0.392795588269009,5.23847347701714
6.22977695764875,0.918091494849167,5.02949113202771
3.72315358183994,1.18632104430856,5.7672107077985
4.67907352164954,1.40954195114194,0.862704329369139
6.16828395862818,0.856475739414577,3.17132668173566
3.8739872278254,1.51464387323142,2.54442917229078
4.10227272432645,0.839042593617961,1.09058605509034
6.49706109050683,0.800859081972002,3.61398522278849
3.95323697172479,0.612664798675112,3.8089796068901
9.73344369062619,0.715169272323088,1.34740232536892
25.0141429618728,0.777204050218543,3.26683070569936
7.88570467750242,0.269788745218284,6.21523774519674
4.42419272333621,1.22913441562069,3.07822775024034
6.17849601733632,0.257052880745424,4.36601715088337
2.97994320425214,0.721408584813853,2.58503958089578
12.8600054375702,1.14133860892546,0.218508702426331
11.4514573043018,0.679134706476403,1.83991492994003
9.56503563487317,0.899870450134578,5.03560695136428
3.9264597764895,1.13088087882677,2.17713621601441
6.27550008288205,1.22675895181072,0.523489520371139
2.17131043829835,1.30521946924775,3.21137604031406
4.94516535655821,0.452026082286954,2.3048822784001
4.23467431436366,0.533453278529513,4.64628676006949
3.33206883359307,1.24550526440416,3.29703968816735
3.43958060689541,0.879311238529153,5.05495375656793
4.92925163444431,0.789238282996448,5.13280431747477
2.88135315290972,0.899187440803369,1.1904844298555
6.3147982013201,1.13189584456356,0.777188910764419
5.2625488295032,0.817308991696987,5.15847301404256
7.4009644307146,0.466236464634746,4.00802895354068
7.45173676145917,0.739226035209332,0.10128370234098
6.71724228703261,0.713056960867509,5.62944895228553
2.322034837574,1.38548982546095,3.23819698658309
2.68288914221742,0.906637801363463,3.42133224245409
4.27582019835443,0.986137521476806,3.81038877252069
5.72080028222095,1.01338082661848,4.77796167098063
6.88550088154532,0.629793750099771,5.37430289791896
4.8268992887737,0.802391855422477,2.40563340914078
9.61976651230367,0.842214992062455,0.531866538184424
7.70823138280848,0.406715354440414,4.6110619282339
19.7493209527213,0.847614640130692,2.08595049688618
5.72462047518496,0.985500352092781,5.27630193923526
4.30971470718988,0.711585892554746,2.33560642726582
2.96544877957747,1.15421653627119,5.20383001585707
6.43461798020672,1.02595918559263,1.10909925593476
8.71604233104843,0.643533443994363,0.81379728784096
4.93305455830874,0.739546296483761,5.52847159707655
2.85476413573333,0.670787029569503,0.276957332341513
3.96023917773542,1.0772446844919,4.31478913026467
3.28336890376575,1.02921812797487,4.61043113508523
4.04619747438598,0.715448053572135,2.74683543439953
5.04456326169182,0.984360036677429,2.38659830180902
5.69052725488095,1.33453939106872,6.15536923211317
5.16653680535306,1.08771771233113,2.50694961061469
11.3512097155408,0.997252350091866,2.76577595215001
5.61657908495397,0.336999949560899,0.985253015068815
15.8086040797026,0.67441984258826,2.04853382328294
6.70855539861422,0.876811297481677,1.9733092957856
17.7723830118285,0.744733396718585,5.6203134287056
3.80869439929499,0.226292137179867,1.55209869366991
7.14716913029455,0.498618733877865,1.95205382803137
4.09409447544448,1.15141125309985,2.56899911557313
7.09338526307265,0.125407200054936,4.44856364690634
7.39053787813642,1.1926766944444,0.902501626836414
2.67653995683068,0.283177912755965,5.47467800651296
3.89153733338491,0.957838925473922,0.522483908686682
3.7103633908731,0.785609487684842,2.90118440180351
7.04382393035645,0.485779769676678,0.190939866967279
10.2917864847716,0.857261046462657,4.73249852047611
4.42777048748145,0.357096790362375,4.39849781558728
8.74883690619612,0.960097282064754,1.34782019330768
7.13731732269908,0.885654162083432,4.2719671303633
1.81599784622713,0.238857594022299,3.50157318310969
6.34918714788873,0.239654323804551,5.34497318188179
4.69277922889431,0.401189098940653,3.50957049119343
13.4589593895788,0.140537381514847,5.66601103634515
1.45542300115569,0.720390717568363,2.63590747395736
5.20227343551463,1.1487722601977,2.2501868043285
4.93906249195307,0.903894457660941,3.07239918459301
5.19137211915519,0.805533020214837,1.60825756353919
8.55101045200829,1.19290607115263,5.83814269881582
4.2933731025403,0.317893881284915,2.93271955707296
8.83176684219111,1.26271700228095,1.59597839452766
5.26562762118051,0.334883276589082,2.70942541212239
2.35137316100655,0.80239819665764,4.41412624455343
3.42159024314751,0.388023559995037,2.52791311517292
7.75749389794039,0.844909143989929,1.14253491052863
5.2807680523826,0.0677246783541172,5.37998443222895
3.27754883935692,1.06668441078622,3.67064455044468
4.40737122238739,1.17129265417681,2.34726471840837
6.3983989416726,1.27823336152252,1.39294791893703
3.5180338445291,1.45639033653105,1.37598062276575
8.00994714662323,0.790531355367704,3.28128321295032
3.82129903412307,0.548000315628152,2.72327522518421
13.5594113517248,0.322999329645213,4.6577503274311
3.9754724005059,0.793247316609745,0.442648094742078
8.46736480935362,0.871431187108585,5.32395299785276
3.49967156823959,1.06221066485598,4.27181350041605
4.08478521991609,0.292171499221183,0.858606834596886
2.85702938084727,0.949948653183696,5.3935000189284
6.10647229727513,0.802380443016963,1.25559483598126
7.23871530883565,0.426382081998474,3.8160292728925
5.8487471953334,1.3203098925537,3.41205226243483
4.94831320760067,0.876382633364166,1.01991611997108
6.7797463313255,0.725892473395121,0.035519274595081
6.81331197898938,1.32740008834449,4.84738414137698
7.18325390797197,0.943956152475254,4.80530193657733
6.68823122297463,0.737269585003812,2.6456567680638
16.0101069759853,1.15886696217599,0.356967743947662
3.62040584779997,0.818044857636755,3.68035691418029
7.58157810395625,0.839390096993171,1.09424967299617
3.78235952428329,0.969602351498463,4.57799579712465
3.0587024845716,0.65097458167619,3.35704967474703
6.39759482947897,0.51114175711928,1.59004981457154
5.11471358467989,0.864653124541854,5.76203748667787
5.17579050468146,1.19732842773666,4.76387672909184
6.97041922276019,0.691626186725526,5.5733784637518
8.55341238436396,0.342222771553036,0.4322716578397
4.46294632314138,0.729125278115669,1.15314166159371
6.97122765602786,0.579840920924269,4.63116407362231
4.88415061366719,0.686134247910316,4.37758852546252
10.2180134843329,1.15030255094408,4.88199040891489
9.96107416049339,0.688419929681189,3.15355218885
3.90124645144283,0.674671277715242,2.67347541795762
6.46009609299807,0.643968642376423,3.8405161592837
6.16133210299494,0.383864830183935,5.37697337410135
5.80112937688902,0.535219203661926,4.21474253924308
11.1635019053132,0.299082984307415,3.28982584228528
3.95028522749895,0.714558746229151,1.87751259434328
4.2665007086015,0.53196816142875,4.42316817168994
3.057471659244,0.576969320825921,2.39773184907328
15.3226314987335,0.709970815338034,3.56687003729258
6.79147206885275,0.35252011468164,5.57859490922994
5.32327848121181,0.78046500716267,5.29640658731268
6.72555430667891,0.998169136457355,5.64731788011905
5.83347862059881,0.516145598433943,5.8999304275732
6.81007525187993,1.08873639074775,5.12353019075203
5.82672551196501,0.275672395531118,0.00853148987805597
7.746751537634,0.678468363343861,0.0194194254820009
5.65272247596935,0.058292108850884,0.549582781530369
36.5111981244844,0.489021829327971,1.63819826226683
3.67842200176956,0.0360712200837316,0.14324827239434
2.96659400697845,0.449980410339165,2.66460350251902
2.99300592374988,0.387063302253191,2.14297440144413
2.63612537310993,0.544231253854788,3.40142707974285
4.80652333279783,0.431463896183438,5.81929197164996
5.10216232967237,0.381546251266505,1.87552733996385
4.55932477925214,0.884940017591398,2.12424940930721
8.4321123775242,1.25081311688739,5.40027278141484
6.60709108104647,1.32202657784058,2.13928831961469
8.58577654716305,0.489633538261803,0.867836087066026
14.7462775460668,0.768066067943704,3.19059493527262
20.9600326995439,0.660102031204033,5.3825313889061
3.51971979321393,0.809187174418763,2.41471367722907
3.19064013296183,0.540608420595007,4.37115500978867
7.40505123701047,0.264526365837836,3.94523830421025
2.87815789832057,0.72155187580066,2.82987223395175
5.67638666633588,0.430094697236858,2.97582929501234
5.71656981183059,0.162288383282748,5.9671810064685
10.8432245776322,1.35626553544543,0.524630653420043
5.36351108367895,0.715769857995398,1.75821695866927
4.73535448487623,1.37345306357849,2.80862975821369
7.08868492658907,1.06165524940847,3.69181913285629
8.05620133895693,0.0858296739404417,5.51433792356534
5.63285109625515,0.969573528179281,2.94744549629327
4.44763471853887,0.997668080092455,2.74838133961794
3.26060254965586,0.932646157272105,4.68841825128863
6.19757009070535,0.837803905300798,2.93996816383879
3.93479550298313,0.485918937512261,5.40873776418516
2.4497860763938,1.07343317071217,2.93118142181814
8.28068136974832,0.497833478183792,3.12968279492963
3.82092110914738,0.654782363635692,3.06261712609206
5.0600984739288,1.23421809281922,1.44179483395324
7.2958598101145,1.18210641766133,0.537540529669001
4.51801288261552,0.687201686620884,0.423381846016556
7.97768326615631,0.599139226932586,5.58192486859566
4.74332234924699,0.894906996691232,1.46503577670867
7.23939368936129,1.26644492828564,5.41356581986201
7.50854514209943,1.26453161736936,4.47196347899145
5.05944882218057,0.877512756337027,5.4840457738023
2.13019502690183,0.614671332721453,5.89364042798239
4.34462527728445,1.1774050967537,0.877693622540171
4.93879738082137,0.727667873427017,2.47494760262374
3.98258197486425,1.25637682321791,6.16105796443207
3.54964854334714,0.183174777291995,4.05136035022849
9.66477038373902,0.817847419488586,5.63230875547705
4.97642176833533,1.00930437237866,3.02994299811575
11.6414873817784,0.437239727419647,0.0885494029606481
4.7208762925816,0.618869352728559,3.91367262828367
8.53122012964614,0.448105129885887,1.45201499005721
4.75659480966512,0.603328261054447,3.31396532542565
9.34305835763642,0.688652325308486,4.55525883942311
8.28322245496371,0.834041157736972,3.81650597427072
4.63306932132915,0.222602021795563,3.69681540745819
3.66259413515209,0.838228543171518,2.72335141851544
8.94866136564915,0.551804285350707,1.53418353689487
16.5584984031865,0.513728951403312,2.69523739222053
4.3245032220274,0.515646666760653,0.0639468389989034
7.08660583390045,0.403491059942048,3.82533798333131
5.03490790755973,1.36048237002578,6.01913562712424
9.97733251422734,1.31434390713634,0.599708194388221
8.52662430863681,1.13097652505005,0.223622104904388
3.36795785426603,1.02244018157867,5.56837943018863
10.8738165466547,0.432673127709404,1.55157835666413
30.9714739971813,0.643887499705736,0.0560149504636465
5.58792882341087,0.449482706864367,5.12029507608512
11.5597856311399,0.034624786852463,0.882783995390221
6.21580730396876,0.597420676389951,5.52836388987285
3.29018507313702,0.990738760473045,0.599270021009995
3.56637751737098,0.912001857872783,2.2152004480632
4.82244516833124,0.828513752142722,3.72857139250053
8.17788209313714,0.724283303356122,3.67680467291997
9.76467677429436,0.565836867304636,4.19516825059582
8.93950048867297,0.787057273188764,4.07167444797198
4.26924725413635,1.06063581137857,2.72293815648796
5.7468295802227,1.06164768934497,0.878130181722106
2.84795221522702,0.861750458379891,4.72451243654382
3.0066093896444,1.04450300740036,1.51919122893728
3.17315280727697,0.933070183837996,4.08695645791215
7.17871036060699,0.358667008742221,5.38704010179202
5.44186105123496,0.789796080198706,0.530115304030701
3.50591542394581,0.63017829945839,6.10781633814265
5.44056180087635,0.308425039890228,0.197668604869853
3.24573984059157,0.394679108069238,5.2490015969061
2.55221963614063,0.461355787982923,5.25094183024101
10.4871720967124,0.961272785836458,0.313263919907316
5.96957116174505,0.71669334301593,3.42990420709483
14.4807552368919,0.98506678607096,5.92611087869823
7.41021883470595,0.531398111445626,2.01987486926103
6.1664412006633,0.0989472581327734,5.06718037232236
9.50829939928991,0.817703706847341,3.77869982276054
11.4364786692694,0.55692150119811,4.96133170470939
30.0031413675983,1.33678305965604,5.02142766990825
1.36295280116856,1.25994376138565,0.311424606834816
10.9996576060053,0.677241236439268,1.77938949516276
6.45098996470647,0.15831593602505,4.10579031530715
31.0501594927475,0.960385274904796,3.0765952713498
5.69489817044673,1.15543429282078,6.11261088164307
5.32370634456305,1.40116345532434,4.70290080494017
9.18282928262554,0.240930270327769,3.56785116885084
3.7330113567593,0.735639886237784,1.8784472392075
5.46400122337433,0.868247058226049,1.60918521339272
11.9477353310158,0.976666843201808,5.57044460692402
6.09292935424212,1.01256601512769,2.80733261627205
10.3153299653012,0.937787210604594,5.12699912075656
8.01343449733124,1.02092704603853,0.617871489469593
6.1965796605394,0.657867543160549,5.40098495702359
3.84415395054256,0.867346640376951,0.17359817813024
7.02616446712754,0.347726932278633,5.64956649657558
2.79746146450135,0.242482487439316,5.65446151431537
6.58737116411164,1.42806318272822,3.29305517903234
6.95794991986713,0.562956511418052,0.755235811794624
7.87820091079231,0.880953058748236,1.11711322544108
11.7112784896659,1.37502578809447,4.43660486310445
24.8115972914981,0.44562289307646,5.22358740631151
8.52971309281209,0.454889402947638,0.218867349584085
6.15376298431484,0.624267761079572,4.76164105030882
14.3751477028678,1.30876741808358,6.01371317413957
6.1409749591187,0.675175124895375,2.15431898209329
2.07218730912724,0.550016571438762,4.01020349745711
3.06861458442429,0.400418637906778,2.15516907804915
10.9003900545731,0.681766631340288,1.36012989591879
5.35928516919185,0.658771379693825,4.93984422825369
10.3056699861848,0.370517269957401,4.54330820958519
3.62320586623153,0.720254739710034,1.7519965096306
5.89724306992761,0.307326445164803,3.6595245952756
6.62732432222821,0.901053720995143,2.64525733973084
2.30011742360247,0.104973851009865,0.578484745530069
6.47285188246159,0.85892324161388,0.150968135453231
4.53764146142563,1.09443096837125,3.08596009944712
2.49923519959164,0.506530280634611,1.74840325249093
5.39930739051766,0.733323786432882,2.13475722180297
3.52259059226582,0.854980729452485,1.80547084452892
3.08368046837327,0.250401692520038,1.07381669666898
3.5999146639729,0.781687014962596,2.5086453899889
3.23893810261845,0.929708628890382,4.38346151809485
3.50211447527444,0.489731442045718,1.27973679718771
2.4322431412582,1.15527967383533,4.18665280226186
6.68200628378736,1.39989274828451,2.78386634307958
4.05131776765726,1.16804288958531,2.72247444633569
5.78369981937519,0.791397763258152,1.10106188969206
7.39082844364088,0.556345949761434,1.21392592656601
5.47175542197751,1.04330018554844,3.873089454035
5.7609587029558,0.508371061649554,1.69024349886551
5.07947666121557,1.3627689719309,3.51656015668173
3.08942814873718,0.906848971669031,5.93625289544913
5.40528251107014,0.886344689557279,4.48915768413435
10.5607519124574,0.428445134169301,4.26766295911921
11.3085664432945,0.305297929860205,6.02796597246209
3.98272259089288,0.529654022959239,4.8715691570529
3.61758556849164,1.18524387018747,3.81846114557188
6.00823663332197,1.26797297641378,5.95647449533489
6.73607236953318,0.990757063335341,0.374739373007906
4.88998584801432,1.01898505236621,1.68836945948729
3.60278128224903,0.500044244821971,6.19949355522422
16.3764726346205,0.861747984416837,4.85191799319835
2.78644189771839,1.12057056224117,2.98673915319945
2.96599218710101,0.688638728697947,4.27821808312171
3.21110564827671,1.4630672233748,2.61967832623763
3.36302377053889,0.304690583623796,2.38854788615447
6.53644563856533,0.602272486130403,1.34001737509383
6.08460626200584,0.796808092469855,2.40607034688854
2.52401884383948,0.248740691102917,0.186407980385339
14.6105447928484,1.01955145895924,2.96768077640766
7.86173924769001,0.842075209316865,2.09464236779186
8.00038645260124,0.814774964344749,6.13141373527143
2.63430582094004,1.14578415981765,3.4899546808235
10.8177788587421,1.18551442224433,5.31748258233438
14.8744676301246,1.09357145154676,2.56393855242245
25.9897721023319,0.59893944646541,2.90294573827421
10.7631301558903,0.737532540130207,5.19183824764604
8.84867211683487,1.04977403340804,6.22791338184469
5.57999008519092,0.33784419869577,3.29206017158439
3.43234080195263,0.3376533464789,5.81469146765429
4.76804545112625,0.546269533936185,4.64341130199907
3.15715810463978,0.810045489595144,3.5652681917915
2.28514904272132,1.40465799272297,6.08700957772666
15.2658079125499,1.00257124732945,5.18048264038434
4.16684682912944,0.59250914315499,6.0294029224327
4.13254191798741,0.570279922454987,4.06111210175122
4.35732759966799,1.1735975298507,2.38493054671337
5.23512423543656,1.26899393941453,2.99440703268109
6.81945215574311,0.926541370212106,5.72957267167126
2.20821391894595,0.529777974421321,0.0933295283156673
10.2263240830981,0.302353842711334,0.984536478665875
5.95621348894454,1.15690556075871,2.96294835315022
10.5962235670954,0.870527475014778,3.41171743897226
4.44865243784757,1.34098219895225,0.375049817656892
5.08547556068882,0.249624731158936,4.13452634800126
2.54506624253482,0.870449025850943,5.58974346693945
3.42926175058547,0.563271486980027,0.688841979930906
6.98118200979865,1.14279681410393,2.7506095991335
4.34444874416645,0.452282816615702,1.76073758165036
11.8923373912116,0.727800825773371,6.19048515434627
3.05029599977451,0.677985390576768,3.82494376554116
29.5054476384703,1.1412652744484,1.59435328861845
5.79496958931063,0.966182645059403,0.833242903249266
7.54858963754378,0.473085163755116,3.4243667248446
90.290355162486,0.599231136212093,5.2012454994436
4.08687226693492,0.374494207972473,5.25906550410778
4.87318190751717,0.96041305187156,5.23608397480467
5.21927682179944,0.856629946266916,1.27998182360124
8.44010562240107,0.424678643017105,3.42067728888841
9.57568212477904,0.394406192216017,5.4974272526186
2.92813068068299,0.761468747785316,0.760265963588717
3.43554158197565,1.26280390155968,5.3806105666653
4.52049848192625,0.837668345518771,5.65345946209664
2.56906989027194,0.182504967958155,1.36888694566449
5.64776339585772,0.234219511095877,0.483673855423042
4.37512876142323,1.11350825735908,2.97958172878151
3.42031249020568,0.736696043701405,5.24663230379544
3.62047583353439,0.666939316531577,2.94928635531483
12.7907479458019,1.09432526558702,2.59979320284502
7.13805426007476,0.647960855969173,3.15884793826174
5.24508121014533,0.817770710884064,0.788162513603028
13.2093740171329,1.00394789524479,0.831173213084294
2.95449146365494,1.20413389423269,5.46935802451626
8.1262602410116,0.61054561067288,3.78844772011728
7.97658672097604,0.937868219455667,1.66693990711061
5.9809598502527,1.41149220079387,5.43371486462473
3.47306338829028,0.279236468697599,0.36511249412105
6.30242323833096,0.872862720567421,2.8761524851778
4.15871028951661,0.698853157820478,4.53777702450949
3.15845649819605,0.589566049616435,2.12999448845483
3.64224212346424,0.539430892105725,2.5209387099881
11.8093590251973,1.05738053128652,3.31111143617168
2.70355045110886,1.50157445640042,5.61864870227868
3.81916328400633,0.446641757314917,4.89058425200082
2.540342909251,1.08397471135949,0.435849501884148
5.05553778044449,0.458374130527907,1.75165485410074
1.98947463597703,1.48327165435184,2.38365097128663
11.8620255170505,1.10998171454444,5.43289783895546
3.54729253183633,0.709331794634125,2.63868882267902
2.87464884274077,1.02311706362885,1.50719461696756
4.20286694651464,0.7837517429457,3.75517407629995
5.15681676201265,1.11848388305936,3.01218670490923
2.93862625228446,0.639860683653472,5.64574046133386
40.2523926156158,0.274052837791896,5.87295135014508
4.35217279552937,0.876899493662948,5.13893453713765
4.14331663851376,1.26643199407636,4.4542064803636
2.6210705450969,0.455808621730231,4.66979256795923
4.14864852173101,0.717557999799993,5.65304328623372
2.46825880793253,1.04622783220512,0.409913783212017
5.51966031975944,0.199266825586632,2.11059213631779
8.39538689439713,1.33699336847759,0.0272380645211581
6.6394073541428,1.06313548913517,5.20307812664824
2.84749141901711,0.844355239677197,3.18831050701445
2.77700564504538,0.443129841934248,2.30066643885287
8.68622101060161,0.783346972662969,1.42401934392644
12.7896193523826,0.803247554609746,3.36044673955296
5.74445286451508,1.49484850888833,1.81888705914976
2.98932609931896,1.17993669567783,0.429587018266387
9.77049745504296,1.3756633036704,0.533886940086207
4.38887214601897,0.968397509243767,0.429389542080029
4.12326604577065,0.688290220331413,2.57495300610221
8.13879716870774,1.31295690975058,0.775228088505808
1.92359978411349,0.764876948248689,2.78355534585213
2.48866824165453,0.502305367571032,5.64820494733397
7.04486360073085,0.680929986638534,2.22197938006532
6.36142234007114,0.996710140550991,0.755101395016916
5.68206508283457,0.844091903313028,3.57583003322182
7.87756056207215,1.05488847816788,5.49799276960095
7.5532787123681,1.50352252177458,2.19016117458963
8.76520924786781,1.37573550921044,0.263397442104984
4.08763078888149,0.82049408052994,0.894346833489208
7.3569111010541,1.37955413242653,0.481246974730736
5.93554507251028,0.346957364072103,4.65286578547114
4.75487066986112,0.228813555410078,2.86843197232903
2.61664455937941,0.584375113404013,4.19873427952335
8.74226578811168,0.865937832780903,4.39349266833256
4.38573168046842,0.816382442394747,3.5899432420447
6.40312516942056,1.25106470039263,3.95019676888978
8.05613772008688,0.825993173031368,5.51515339729809
2.9599217095001,0.717167206857095,4.16167871861573
3.11622556243985,0.828117103955801,5.50038594383677
5.87317593504963,1.00478499321896,2.93749606362075
5.36636524525873,0.129492193343152,0.888040456620049
11.7048069011117,1.10830081688467,0.428101420596456
9.12968901085986,0.387099447960129,4.48771739692352
7.94749843255522,0.763865981537398,1.93513328709594
2.51675501624733,0.531456241418878,4.21704760576638
2.71473301404353,0.652946161176178,4.099281007223
2.83684199589946,0.950126952482572,3.33667825848473
9.11612385339905,0.42446784106358,4.49314999502972
15.7288888331975,0.556243824560073,3.1718186894868
7.24325724204271,0.461421126874149,3.06619039927311
3.14463832360335,0.457458135712141,3.12801034864843
7.77208817903761,0.60857504100129,5.88090784452733
2.99744957422169,1.2175748841177,2.44592894970127
3.04580947064847,0.756483915583371,0.736044784106625
6.74036578219271,0.688767126033459,1.51062574181199
4.33213524782804,0.437148001790538,4.30340699021634
6.87880133313007,1.39358929297307,5.27318598313981
8.18483785652933,0.692317192201703,6.09559850326406
6.17016378660138,1.16543496463363,1.35195054972182
8.03617739636119,0.901771084109346,4.77737814262683
3.77410182013685,0.660721238890437,3.67002644410972
7.95680697162782,1.21274015217009,2.53181943170046
20.2148100136062,1.08847150688592,3.20467795626726
11.0539407478863,0.75032368760132,3.11422447494367
2.81894246575719,1.12485878961476,4.09266799935718
4.56327611972487,1.24646156037584,4.67284352075406
4.58086743300228,0.714398341419191,1.89722960067213
7.2601820575798,0.616535824163767,0.563048394609914
6.30930971518455,0.882657449490299,5.1896941837825
8.9271450093716,1.25237862205065,2.44784737032482
4.57102228020556,0.99341349824061,4.8713840626438
3.60309301355723,0.661592007294688,1.12700926405038
2.82231496795888,1.02999362029255,0.687136746074191
8.58488921540246,1.35488636638371,5.68727757056847
3.60098873061176,0.828263766426086,5.50627575177794
4.70233493216025,0.825547126977021,6.28188195114666
5.89275713560974,0.591699053589755,5.43027234509497
3.73954723324862,0.270172886110163,0.231708306179216
6.75329258110124,0.440721007143045,3.42234071669863
5.36068055438753,0.30987632891852,6.26820733810042
3.27210106455311,0.748854886315821,3.21075892660772
8.77580554410793,0.0967558232313591,5.4884388694818
2.93113444467152,1.27499846529522,0.441214523233459
4.12382042201101,0.930153594837435,6.20488888150836
3.78908048151197,0.0376793040400734,5.79757946326515
5.72086516607023,0.175208773504173,3.54535591944497
2.8600369347339,0.474153385677577,2.71095603625217
4.8114538940245,0.740303197836436,2.12274000853006
2.96014527613464,0.364779864593739,4.52843885238996
3.01052605944609,0.0931274985769299,0.0858004558202786
8.82534448556665,1.02111228663755,2.35028950724982
4.10898636301571,0.637361278327848,5.79740221991983
6.3620395700073,1.08312952148826,3.4336328951702
18.9536763548216,0.721884131019391,2.97751901729188
4.99360901048639,0.721781443039967,3.11983598368978
7.38553217464875,0.223701535594191,1.94132255786108
8.33661543729436,0.224667452056879,5.9742885792237
4.99466382499627,0.30660955640759,6.17004575413044
6.89662651604792,0.879998586778148,3.22681214648828
2.99339599487267,0.51324084871211,6.23662576347978
14.821154904394,1.16114999588916,2.86415045118673
3.49251807205596,1.18329953819747,2.67689380307908
3.95851799392142,1.37886423621789,1.33966796541658
9.10453556397545,0.774297037549071,1.21422229605331
5.38438512439061,0.488579463698091,5.23234924277222
8.52846188876585,0.495661858543376,4.56559554788948
4.75159689987183,0.822219240026644,3.32849036049042
3.99827555789751,1.06129727853552,5.2092679083214
2.37137555005627,0.63049945725514,3.21620190610542
7.111920387828,0.746590972152059,3.46807856251028
4.97402863944255,0.926590948058586,1.34010851232403
5.12610381760936,1.27916671851635,3.69338592256808
6.42340175439352,0.41365737674409,0.897007799913005
2.59534617989827,1.00834858063383,0.32813010272007
4.25305364141663,0.863453697707727,4.29335025372976
8.59994043896283,0.718497702885678,3.8236919733027
7.40719957467008,1.22363365355849,1.38013894205179
3.09891066252916,0.677617146028977,2.55273216406958
3.13155490340326,0.436813758350502,3.95782834340731
2.86670053644966,0.920364817580669,3.48910070863976
1.86734392062005,0.910706342128852,0.801602888102565
4.93075137759341,0.609749172973852,1.06310447145785
6.89742087182772,1.11086575922926,0.00627952922691415
7.77507776054397,1.54794392502561,2.62739229503967
5.72360680521781,1.43243561003071,3.06924604028412
2.98704828471886,0.364436031116832,1.0044855663714
6.64649838122793,0.502836656459924,4.18987035067286
3.10682019460342,0.154340577370507,0.112596999522084
3.15967827889707,0.893675076060275,0.751942441713179
2.91542617260732,0.339356479093506,5.98237975133603
3.2110193382601,0.692321028559924,6.13147133211401
3.37416510197541,1.22337434299862,0.194241775139562
3.5448551548456,0.833605594144873,3.10315114415436
4.26296872535137,0.652854344057295,5.4206429997006
4.25672386388108,0.474000444228455,1.52603595951697
3.6717916753263,0.726203256031585,5.24187403489627
3.86949226163899,1.35994373207722,5.11194422615642
11.7620864858418,0.359891978752914,3.95195456613914
7.49704513124447,0.756144722763805,0.0140630163119782
5.92739310431165,1.18284750849906,2.38587587887662
3.47449013411739,0.209840392715919,5.68254858393079
3.63884340938321,0.982054524618851,4.27477558564959
2.74956134358062,1.4253198362235,2.38021592899844
13.309424196483,0.561231487021772,3.97068855308783
7.54576835073156,0.374449433543796,1.52850748927181
5.94533496701987,0.975203759224784,3.59029421583196
4.23889452454701,1.26515200150115,6.16838380702745
3.36142567439437,0.897196385428006,5.33870957696183
6.55211302153552,1.24901710088241,1.78093234292699
29.0183325293568,0.455388261864256,4.28800797004571
3.38773188414137,1.05232186781681,2.25016279120669
3.90919365498157,0.62912711794163,6.20104378028651
4.75664449517987,0.703659995083431,0.527701459499724
2.72339398576845,0.405647199301873,1.5727182674884
7.24816226062083,1.13134801277718,5.09784113237713
4.79223877656453,0.91165931247795,0.530446005873282
25.1107557396041,1.03408600928964,3.33796709936375
4.79093736608384,1.11357034779065,5.03046253917275
6.53352626851564,0.262269723622355,4.64216333824122
3.28780518526361,1.34710287421837,0.890094756407681
4.65822318459096,0.782975164936131,2.75137076736715
3.32988659854026,1.05316019783129,2.20150480787242
8.33684786586138,1.03847120284189,3.00648844391473
11.2060815835294,1.14731310117981,3.69076441304704
4.46636105630077,0.40672447519156,0.916124201906401
7.2667209223312,0.742654841844088,5.68835996957776
4.12430953877334,0.904625337185364,4.0224590948619
5.71888885247502,1.30734298044635,1.02377952123416
9.9473319069851,1.15262142788349,3.55572111055893
6.30505267157094,1.24149404911694,5.85351682378651
4.3718429060894,0.868295951214905,4.92037424959193
4.15447900353975,0.868527415746755,4.30829934438842
5.13217258528212,1.18004210902069,2.92934216132734
4.92764234298236,0.187826019836072,1.63562683388491
4.52032371811693,1.22547767499949,3.57681740835612
5.94997331819356,0.692597087339001,1.56307217391569
8.07723507253097,0.191916686771883,2.00623106840316
4.93896691305722,1.04276088487407,5.72273920321185
4.9726296321891,0.404417016864327,5.56200155519699
3.09579867723236,0.389096400231545,4.99255259515917
2.19742161137949,0.892166777295682,5.81703457763369
4.10075486297141,0.52875753538992,1.12368455105172
4.26321124967968,0.605709402339731,3.25180693846021
6.87751268251437,0.686546373464218,3.93959059158646
17.6421229661355,0.691215515347992,5.73769389854035
14.9840023782278,0.67058292128927,4.17183557695368
5.16982235038888,0.896102254499594,2.44537062708693
3.80734932478167,0.420834857190782,4.64960476275547
8.43906089459791,0.448590397900207,5.13735133715974
8.35831249734722,0.312688687846786,3.77207758372831
8.04623722548077,0.604675012040318,0.534052306836778
8.09590885900136,1.07013796822357,5.79534624040856
2.96742136918489,0.505057108636124,0.336765005693923
7.21547494885837,1.03614221416483,3.31139543917944
5.20804429812842,0.983347132620487,0.74677716136735
3.63963168742842,1.1379786542949,2.38850885090959
2.91483792106252,1.14312180940525,5.1071774286381
9.71270543621956,0.572380308600817,1.53369987026259
3.41621088330272,0.589817913765446,5.55699145695345
3.34504112097171,0.808436112523995,4.47769187003932
7.02081616220802,0.606931754315355,2.37597671009063
11.7964292904038,1.14826540297672,1.56400804247851
5.60442688752991,1.12014534684435,1.58872693695273
7.48977685154842,0.842520602932635,4.82073368015929
3.28295618153167,0.538443317195996,0.313291463517098
17.1099916855888,0.970139145543793,4.30579505917844
5.80230680447788,0.504508021960744,3.89732238346412
7.19219446109356,0.741768180444552,4.69155789611632
2.36224862727008,0.668914238448327,6.14027833104377
9.35961712384572,0.824038051235216,2.41219974197688
8.17646320755131,1.47958599927841,1.63492001730339
3.06405891747667,1.05324682654395,5.51330369618163
5.67346441960107,1.43053288716162,5.06485043977057
4.31391915148778,0.505841518952906,2.89730919330259
5.84757846706989,0.813972803731316,0.571529141081721
4.76990034634568,0.22878585106324,3.54540559225604
4.87700908686727,1.05517372944307,1.17736141591539
3.451846212858,0.888098553879746,3.34070419407418
3.89504604334782,1.1832365806248,2.23074015092568
2.14444647822364,1.46231149923876,1.97784309202222
13.9975896414963,1.30202445723897,4.56625131915052
6.87761581633962,0.694411772292082,3.24069644406667
14.7264487171945,0.0184797481232976,4.96776840576018
3.34468314375716,0.826322163151932,1.28486478262182
13.8168615912941,0.473242432002763,4.26066614323289
9.03632658703281,0.487340039746416,0.329776390342578
6.11683678175785,0.607473037807703,5.03391441571441
5.04423110503418,0.314937481588088,4.26357250134236
3.90814375509823,1.04435432101764,5.94394950421264
8.23082782122207,1.04547754814099,0.575276778063782
3.737877823081,0.828751899639396,5.70788662249497
2.641925851846,0.620560758822946,3.2041294297643
8.49968660000131,1.14892239463164,3.86355304582034
7.08583057947995,0.838067693701922,1.98593392542927
7.66432977237115,1.36325901928677,0.486868205348048
6.75456346386343,1.23728464375193,5.34456580159478
4.90352428158312,0.639855133843002,0.908089338231002
4.71819565790456,0.831866922243885,2.32783088892247
9.52613378646796,0.629569524803241,3.91060070765056
4.26266021042032,0.909470343208339,6.26780345650583
9.48771510984639,1.10294279210833,3.25056905676489
8.92115524493856,1.04244725431955,6.22356551362906
10.5371126514176,0.362177085989034,1.42335800670067
5.52124250844224,1.13577111977952,2.50074033949676
6.68690627719544,0.159261500300863,4.37667015538088
16.7696996153285,0.699403715704714,0.406149870043303
5.07080698773213,1.02598220037351,4.69769626914237
2.60133951416829,1.08425136366495,2.64145381265397
11.0473761644585,0.651074166154831,5.09765769429839
